pubname,latitude,longitude,variable,value
the finsbury front,51.5718629,-0.096479736,13:00,1
the finsbury back,51.57200417,-0.096062384,13:00,1
the brownswood beer,51.56389624,-0.092998717,13:00,1
the coronet beer,51.55575805,-0.115432155,13:00,1
Famous Cock Tavern beer,51.54599272,-0.103755145,13:00,1
The Compton Arms beer,51.54345668,-0.102033984,13:00,0.75
The Edinboro Castle beer,51.53612298,-0.145124735,13:00,0.5
The Lord Stanley beer,51.54702709,-0.129727984,13:00,1
The Engineer beer,51.53994974,-0.150968973,13:00,1
The Lion And Unicorn beer,51.54817466,-0.138996827,13:00,0.75
The Colonel Fawcett back,51.54165061,-0.135901942,13:00,0.75
The Colonel Fawcett front,51.54182281,-0.13613188,13:00,0.5
The Abbey Tavern Pub beer,51.54581848,-0.141400881,13:00,0.75
The Scolt Head beer,51.5431957,-0.081540679,13:00,1
Myddleton Arms beer,51.54179996,-0.097511117,13:00,1
The Woodman beer,51.57792283,-0.147173871,13:00,1
The Princess Of Wales beer,51.54043443,-0.153888614,13:00,1
The Crooked Billet beer,51.56200256,-0.05718246,13:00,0.25
The Clapton Hart beer,51.55768688,-0.05664084,13:00,1
Royal Sovereign back,51.56251761,-0.063216417,13:00,1
Royal Sovereign front,51.56270628,-0.063254792,13:00,1
The Axe beer,51.56267488,-0.07177452,13:00,1
The Star by Hackney Downs beer,51.55305386,-0.057823233,13:00,1
The Park Tavern beer,51.56798359,-0.111090415,13:00,1
The Stags Head beer,51.53619417,-0.080803491,13:00,0.75
The Duke of Hamilton front,51.55878208,-0.177595517,13:00,1
The Duke of Hamilton back,51.55891685,-0.177572214,13:00,1
The Flask beer,51.56973082,-0.150946693,13:00,1
The Wrestlers front,51.57483758,-0.14995613,13:00,1
The Wrestlers back,51.57498652,-0.149668735,13:00,0.75
The Gatehouse beer,51.57134089,-0.150593922,13:00,1
The Queens beer,51.58081397,-0.121856631,13:00,1
The Great Northern Railway Tavern beer,51.58821102,-0.116349227,13:00,1
Mccaffertys beer,51.5840578,-0.116635974,13:00,1
Intrepid Bakers,51.58710929,-0.119765665,13:00,1
The Goodness Brewing Company beer,51.59298287,-0.114459272,13:00,1
The chequers beer,51.58364722,-0.026795303,13:00,1
Bank of friendship beer,51.55831626,-0.099057338,13:00,1
Queens arms beer,51.58256908,-0.013750419,13:00,1
Nags head beer,51.58409058,-0.010999653,13:00,0.25
Chesham arms beer,51.5474776,-0.050175731,13:00,1
Salpie&Liberty beer,51.59059446,-0.109118438,13:00,1
The Scolt Head,51.54321104,-0.081620717,13:00,1
The Stag,51.55333516,-0.161857874,13:00,1
The Gate,51.55482682,-0.165705414,13:00,1
Sir Richard Steele Pub and Dining,51.54687341,-0.159029812,13:00,0.75
The Freemasons Arms,51.55712667,-0.168751581,13:00,0.75
The Roebuck back,51.55395754,-0.167736466,13:00,1
The Roebuck front,51.55379343,-0.167540645,13:00,0.75
The Gipsy Queen,51.55088742,-0.1548363,13:00,1
Heathcote & Star,51.56562744,0.001892828,13:00,0.5
The Leyton Star,51.55408249,-0.004829438,13:00,1
The Birkbeck Tavern,51.5566454,-5.54e-05,13:00,1
Northcote Arms,51.56034423,-0.001775045,13:00,0.75
The Walnut Tree side,51.56984474,0.012747211,13:00,1
The Birds,51.56894143,0.012337425,13:00,1
The North Star,51.56992164,0.015533465,13:00,1
The Red Lion,51.5680336,0.011231308,13:00,1
The Village Pub,51.58249273,-0.011696542,13:00,1
Hammerton brewery,51.5431114,-0.115395252,13:00,1
the finsbury front,51.5718629,-0.096479736,14:00,0.25
the finsbury back,51.57200417,-0.096062384,14:00,0.75
the brownswood beer,51.56389624,-0.092998717,14:00,1
the coronet beer,51.55575805,-0.115432155,14:00,1
Famous Cock Tavern beer,51.54599272,-0.103755145,14:00,1
The Compton Arms beer,51.54345668,-0.102033984,14:00,0.25
The Edinboro Castle beer,51.53612298,-0.145124735,14:00,0.25
The Lord Stanley beer,51.54702709,-0.129727984,14:00,1
The Engineer beer,51.53994974,-0.150968973,14:00,1
The Lion And Unicorn beer,51.54817466,-0.138996827,14:00,0.25
The Colonel Fawcett back,51.54165061,-0.135901942,14:00,0.75
The Colonel Fawcett front,51.54182281,-0.13613188,14:00,1
The Abbey Tavern Pub beer,51.54581848,-0.141400881,14:00,0.75
The Scolt Head beer,51.5431957,-0.081540679,14:00,1
Myddleton Arms beer,51.54179996,-0.097511117,14:00,0.75
The Woodman beer,51.57792283,-0.147173871,14:00,1
The Princess Of Wales beer,51.54043443,-0.153888614,14:00,1
The Crooked Billet beer,51.56200256,-0.05718246,14:00,0.5
The Clapton Hart beer,51.55768688,-0.05664084,14:00,1
Royal Sovereign back,51.56251761,-0.063216417,14:00,1
Royal Sovereign front,51.56270628,-0.063254792,14:00,1
The Axe beer,51.56267488,-0.07177452,14:00,0.25
The Star by Hackney Downs beer,51.55305386,-0.057823233,14:00,1
The Park Tavern beer,51.56798359,-0.111090415,14:00,1
The Stags Head beer,51.53619417,-0.080803491,14:00,1
The Duke of Hamilton front,51.55878208,-0.177595517,14:00,1
The Duke of Hamilton back,51.55891685,-0.177572214,14:00,0.75
The Flask beer,51.56973082,-0.150946693,14:00,1
The Wrestlers front,51.57483758,-0.14995613,14:00,1
The Wrestlers back,51.57498652,-0.149668735,14:00,0.75
The Gatehouse beer,51.57134089,-0.150593922,14:00,0.75
The Queens beer,51.58081397,-0.121856631,14:00,0.25
The Great Northern Railway Tavern beer,51.58821102,-0.116349227,14:00,1
Mccaffertys beer,51.5840578,-0.116635974,14:00,0.75
Intrepid Bakers,51.58710929,-0.119765665,14:00,1
The Goodness Brewing Company beer,51.59298287,-0.114459272,14:00,1
The chequers beer,51.58364722,-0.026795303,14:00,1
Bank of friendship beer,51.55831626,-0.099057338,14:00,1
Queens arms beer,51.58256908,-0.013750419,14:00,1
Nags head beer,51.58409058,-0.010999653,14:00,0
Chesham arms beer,51.5474776,-0.050175731,14:00,1
Salpie&Liberty beer,51.59059446,-0.109118438,14:00,0.75
The Scolt Head,51.54321104,-0.081620717,14:00,1
The Stag,51.55333516,-0.161857874,14:00,1
The Gate,51.55482682,-0.165705414,14:00,1
Sir Richard Steele Pub and Dining,51.54687341,-0.159029812,14:00,0.75
The Freemasons Arms,51.55712667,-0.168751581,14:00,0.75
The Roebuck back,51.55395754,-0.167736466,14:00,1
The Roebuck front,51.55379343,-0.167540645,14:00,0.75
The Gipsy Queen,51.55088742,-0.1548363,14:00,1
Heathcote & Star,51.56562744,0.001892828,14:00,1
The Leyton Star,51.55408249,-0.004829438,14:00,1
The Birkbeck Tavern,51.5566454,-5.54e-05,14:00,1
Northcote Arms,51.56034423,-0.001775045,14:00,0.75
The Walnut Tree side,51.56984474,0.012747211,14:00,1
The Birds,51.56894143,0.012337425,14:00,1
The North Star,51.56992164,0.015533465,14:00,1
The Red Lion,51.5680336,0.011231308,14:00,1
The Village Pub,51.58249273,-0.011696542,14:00,1
Hammerton brewery,51.5431114,-0.115395252,14:00,1
the finsbury front,51.5718629,-0.096479736,15:00,0.25
the finsbury back,51.57200417,-0.096062384,15:00,1
the brownswood beer,51.56389624,-0.092998717,15:00,1
the coronet beer,51.55575805,-0.115432155,15:00,1
Famous Cock Tavern beer,51.54599272,-0.103755145,15:00,1
The Compton Arms beer,51.54345668,-0.102033984,15:00,0.25
The Edinboro Castle beer,51.53612298,-0.145124735,15:00,0.25
The Lord Stanley beer,51.54702709,-0.129727984,15:00,1
The Engineer beer,51.53994974,-0.150968973,15:00,1
The Lion And Unicorn beer,51.54817466,-0.138996827,15:00,0.25
The Colonel Fawcett back,51.54165061,-0.135901942,15:00,0.75
The Colonel Fawcett front,51.54182281,-0.13613188,15:00,1
The Abbey Tavern Pub beer,51.54581848,-0.141400881,15:00,0.75
The Scolt Head beer,51.5431957,-0.081540679,15:00,1
Myddleton Arms beer,51.54179996,-0.097511117,15:00,0.75
The Woodman beer,51.57792283,-0.147173871,15:00,1
The Princess Of Wales beer,51.54043443,-0.153888614,15:00,1
The Crooked Billet beer,51.56200256,-0.05718246,15:00,0.75
The Clapton Hart beer,51.55768688,-0.05664084,15:00,1
Royal Sovereign back,51.56251761,-0.063216417,15:00,1
Royal Sovereign front,51.56270628,-0.063254792,15:00,1
The Axe beer,51.56267488,-0.07177452,15:00,0.5
The Star by Hackney Downs beer,51.55305386,-0.057823233,15:00,1
The Park Tavern beer,51.56798359,-0.111090415,15:00,1
The Stags Head beer,51.53619417,-0.080803491,15:00,0.25
The Duke of Hamilton front,51.55878208,-0.177595517,15:00,0.5
The Duke of Hamilton back,51.55891685,-0.177572214,15:00,0.75
The Flask beer,51.56973082,-0.150946693,15:00,1
The Wrestlers front,51.57483758,-0.14995613,15:00,0.5
The Wrestlers back,51.57498652,-0.149668735,15:00,0.75
The Gatehouse beer,51.57134089,-0.150593922,15:00,1
The Queens beer,51.58081397,-0.121856631,15:00,0.25
The Great Northern Railway Tavern beer,51.58821102,-0.116349227,15:00,1
Mccaffertys beer,51.5840578,-0.116635974,15:00,0.75
Intrepid Bakers,51.58710929,-0.119765665,15:00,1
The Goodness Brewing Company beer,51.59298287,-0.114459272,15:00,1
The chequers beer,51.58364722,-0.026795303,15:00,1
Bank of friendship beer,51.55831626,-0.099057338,15:00,1
Queens arms beer,51.58256908,-0.013750419,15:00,1
Nags head beer,51.58409058,-0.010999653,15:00,0
Chesham arms beer,51.5474776,-0.050175731,15:00,1
Salpie&Liberty beer,51.59059446,-0.109118438,15:00,0.75
The Scolt Head,51.54321104,-0.081620717,15:00,1
The Stag,51.55333516,-0.161857874,15:00,0.5
The Gate,51.55482682,-0.165705414,15:00,1
Sir Richard Steele Pub and Dining,51.54687341,-0.159029812,15:00,0.25
The Freemasons Arms,51.55712667,-0.168751581,15:00,0.75
The Roebuck back,51.55395754,-0.167736466,15:00,1
The Roebuck front,51.55379343,-0.167540645,15:00,0.75
The Gipsy Queen,51.55088742,-0.1548363,15:00,1
Heathcote & Star,51.56562744,0.001892828,15:00,0.5
The Leyton Star,51.55408249,-0.004829438,15:00,1
The Birkbeck Tavern,51.5566454,-5.54e-05,15:00,1
Northcote Arms,51.56034423,-0.001775045,15:00,1
The Walnut Tree side,51.56984474,0.012747211,15:00,1
The Birds,51.56894143,0.012337425,15:00,1
The North Star,51.56992164,0.015533465,15:00,1
The Red Lion,51.5680336,0.011231308,15:00,1
The Village Pub,51.58249273,-0.011696542,15:00,1
Hammerton brewery,51.5431114,-0.115395252,15:00,1
the finsbury front,51.5718629,-0.096479736,16:00,0
the finsbury back,51.57200417,-0.096062384,16:00,0
the brownswood beer,51.56389624,-0.092998717,16:00,1
the coronet beer,51.55575805,-0.115432155,16:00,1
Famous Cock Tavern beer,51.54599272,-0.103755145,16:00,1
The Compton Arms beer,51.54345668,-0.102033984,16:00,0.25
The Edinboro Castle beer,51.53612298,-0.145124735,16:00,0.25
The Lord Stanley beer,51.54702709,-0.129727984,16:00,1
The Engineer beer,51.53994974,-0.150968973,16:00,1
The Lion And Unicorn beer,51.54817466,-0.138996827,16:00,0.25
The Colonel Fawcett back,51.54165061,-0.135901942,16:00,0.25
The Colonel Fawcett front,51.54182281,-0.13613188,16:00,0.75
The Abbey Tavern Pub beer,51.54581848,-0.141400881,16:00,0.75
The Scolt Head beer,51.5431957,-0.081540679,16:00,1
Myddleton Arms beer,51.54179996,-0.097511117,16:00,0.75
The Woodman beer,51.57792283,-0.147173871,16:00,1
The Princess Of Wales beer,51.54043443,-0.153888614,16:00,1
The Crooked Billet beer,51.56200256,-0.05718246,16:00,0.5
The Clapton Hart beer,51.55768688,-0.05664084,16:00,1
Royal Sovereign back,51.56251761,-0.063216417,16:00,1
Royal Sovereign front,51.56270628,-0.063254792,16:00,1
The Axe beer,51.56267488,-0.07177452,16:00,0
The Star by Hackney Downs beer,51.55305386,-0.057823233,16:00,1
The Park Tavern beer,51.56798359,-0.111090415,16:00,1
The Stags Head beer,51.53619417,-0.080803491,16:00,0.25
The Duke of Hamilton front,51.55878208,-0.177595517,16:00,0.25
The Duke of Hamilton back,51.55891685,-0.177572214,16:00,0.5
The Flask beer,51.56973082,-0.150946693,16:00,1
The Wrestlers front,51.57483758,-0.14995613,16:00,0.5
The Wrestlers back,51.57498652,-0.149668735,16:00,0.75
The Gatehouse beer,51.57134089,-0.150593922,16:00,0.75
The Queens beer,51.58081397,-0.121856631,16:00,0
The Great Northern Railway Tavern beer,51.58821102,-0.116349227,16:00,0
Mccaffertys beer,51.5840578,-0.116635974,16:00,0.5
Intrepid Bakers,51.58710929,-0.119765665,16:00,0.75
The Goodness Brewing Company beer,51.59298287,-0.114459272,16:00,1
The chequers beer,51.58364722,-0.026795303,16:00,1
Bank of friendship beer,51.55831626,-0.099057338,16:00,1
Queens arms beer,51.58256908,-0.013750419,16:00,0.25
Nags head beer,51.58409058,-0.010999653,16:00,0
Chesham arms beer,51.5474776,-0.050175731,16:00,1
Salpie&Liberty beer,51.59059446,-0.109118438,16:00,0.25
The Scolt Head,51.54321104,-0.081620717,16:00,1
The Stag,51.55333516,-0.161857874,16:00,0.5
The Gate,51.55482682,-0.165705414,16:00,1
Sir Richard Steele Pub and Dining,51.54687341,-0.159029812,16:00,0.25
The Freemasons Arms,51.55712667,-0.168751581,16:00,0
The Roebuck back,51.55395754,-0.167736466,16:00,1
The Roebuck front,51.55379343,-0.167540645,16:00,0.75
The Gipsy Queen,51.55088742,-0.1548363,16:00,0.75
Heathcote & Star,51.56562744,0.001892828,16:00,1
The Leyton Star,51.55408249,-0.004829438,16:00,1
The Birkbeck Tavern,51.5566454,-5.54e-05,16:00,1
Northcote Arms,51.56034423,-0.001775045,16:00,1
The Walnut Tree side,51.56984474,0.012747211,16:00,1
The Birds,51.56894143,0.012337425,16:00,1
The North Star,51.56992164,0.015533465,16:00,0.75
The Red Lion,51.5680336,0.011231308,16:00,0.75
The Village Pub,51.58249273,-0.011696542,16:00,1
Hammerton brewery,51.5431114,-0.115395252,16:00,1
the finsbury front,51.5718629,-0.096479736,17:00,0
the finsbury back,51.57200417,-0.096062384,17:00,0.25
the brownswood beer,51.56389624,-0.092998717,17:00,0.75
the coronet beer,51.55575805,-0.115432155,17:00,1
Famous Cock Tavern beer,51.54599272,-0.103755145,17:00,1
The Compton Arms beer,51.54345668,-0.102033984,17:00,0.25
The Edinboro Castle beer,51.53612298,-0.145124735,17:00,0.25
The Lord Stanley beer,51.54702709,-0.129727984,17:00,0.5
The Engineer beer,51.53994974,-0.150968973,17:00,1
The Lion And Unicorn beer,51.54817466,-0.138996827,17:00,0.25
The Colonel Fawcett back,51.54165061,-0.135901942,17:00,0.25
The Colonel Fawcett front,51.54182281,-0.13613188,17:00,0.75
The Abbey Tavern Pub beer,51.54581848,-0.141400881,17:00,0.75
The Scolt Head beer,51.5431957,-0.081540679,17:00,1
Myddleton Arms beer,51.54179996,-0.097511117,17:00,0
The Woodman beer,51.57792283,-0.147173871,17:00,0.75
The Princess Of Wales beer,51.54043443,-0.153888614,17:00,1
The Crooked Billet beer,51.56200256,-0.05718246,17:00,1
The Clapton Hart beer,51.55768688,-0.05664084,17:00,1
Royal Sovereign back,51.56251761,-0.063216417,17:00,0.5
Royal Sovereign front,51.56270628,-0.063254792,17:00,0.75
The Axe beer,51.56267488,-0.07177452,17:00,0
The Star by Hackney Downs beer,51.55305386,-0.057823233,17:00,1
The Park Tavern beer,51.56798359,-0.111090415,17:00,1
The Stags Head beer,51.53619417,-0.080803491,17:00,0.25
The Duke of Hamilton front,51.55878208,-0.177595517,17:00,0
The Duke of Hamilton back,51.55891685,-0.177572214,17:00,0
The Flask beer,51.56973082,-0.150946693,17:00,0.75
The Wrestlers front,51.57483758,-0.14995613,17:00,0.5
The Wrestlers back,51.57498652,-0.149668735,17:00,0.75
The Gatehouse beer,51.57134089,-0.150593922,17:00,0.25
The Queens beer,51.58081397,-0.121856631,17:00,0
The Great Northern Railway Tavern beer,51.58821102,-0.116349227,17:00,0
Mccaffertys beer,51.5840578,-0.116635974,17:00,0
Intrepid Bakers,51.58710929,-0.119765665,17:00,0.75
The Goodness Brewing Company beer,51.59298287,-0.114459272,17:00,1
The chequers beer,51.58364722,-0.026795303,17:00,0.75
Bank of friendship beer,51.55831626,-0.099057338,17:00,1
Queens arms beer,51.58256908,-0.013750419,17:00,0.25
Nags head beer,51.58409058,-0.010999653,17:00,0
Chesham arms beer,51.5474776,-0.050175731,17:00,1
Salpie&Liberty beer,51.59059446,-0.109118438,17:00,0
The Scolt Head,51.54321104,-0.081620717,17:00,1
The Stag,51.55333516,-0.161857874,17:00,0.25
The Gate,51.55482682,-0.165705414,17:00,1
Sir Richard Steele Pub and Dining,51.54687341,-0.159029812,17:00,0
The Freemasons Arms,51.55712667,-0.168751581,17:00,0
The Roebuck back,51.55395754,-0.167736466,17:00,0.75
The Roebuck front,51.55379343,-0.167540645,17:00,0.75
The Gipsy Queen,51.55088742,-0.1548363,17:00,0.25
Heathcote & Star,51.56562744,0.001892828,17:00,1
The Leyton Star,51.55408249,-0.004829438,17:00,1
The Birkbeck Tavern,51.5566454,-5.54e-05,17:00,1
Northcote Arms,51.56034423,-0.001775045,17:00,1
The Walnut Tree side,51.56984474,0.012747211,17:00,1
The Birds,51.56894143,0.012337425,17:00,0.5
The North Star,51.56992164,0.015533465,17:00,0.75
The Red Lion,51.5680336,0.011231308,17:00,0.25
The Village Pub,51.58249273,-0.011696542,17:00,1
Hammerton brewery,51.5431114,-0.115395252,17:00,0.75
the finsbury front,51.5718629,-0.096479736,18:00,0
the finsbury back,51.57200417,-0.096062384,18:00,0
the brownswood beer,51.56389624,-0.092998717,18:00,0.25
the coronet beer,51.55575805,-0.115432155,18:00,1
Famous Cock Tavern beer,51.54599272,-0.103755145,18:00,0.75
The Compton Arms beer,51.54345668,-0.102033984,18:00,0.25
The Edinboro Castle beer,51.53612298,-0.145124735,18:00,0
The Lord Stanley beer,51.54702709,-0.129727984,18:00,0.5
The Engineer beer,51.53994974,-0.150968973,18:00,0.5
The Lion And Unicorn beer,51.54817466,-0.138996827,18:00,0
The Colonel Fawcett back,51.54165061,-0.135901942,18:00,0.25
The Colonel Fawcett front,51.54182281,-0.13613188,18:00,0.75
The Abbey Tavern Pub beer,51.54581848,-0.141400881,18:00,0.25
The Scolt Head beer,51.5431957,-0.081540679,18:00,1
Myddleton Arms beer,51.54179996,-0.097511117,18:00,0
The Woodman beer,51.57792283,-0.147173871,18:00,0
The Princess Of Wales beer,51.54043443,-0.153888614,18:00,1
The Crooked Billet beer,51.56200256,-0.05718246,18:00,0.75
The Clapton Hart beer,51.55768688,-0.05664084,18:00,1
Royal Sovereign back,51.56251761,-0.063216417,18:00,0.5
Royal Sovereign front,51.56270628,-0.063254792,18:00,0.75
The Axe beer,51.56267488,-0.07177452,18:00,0
The Star by Hackney Downs beer,51.55305386,-0.057823233,18:00,1
The Park Tavern beer,51.56798359,-0.111090415,18:00,0
The Stags Head beer,51.53619417,-0.080803491,18:00,0
The Duke of Hamilton front,51.55878208,-0.177595517,18:00,0
The Duke of Hamilton back,51.55891685,-0.177572214,18:00,0
The Flask beer,51.56973082,-0.150946693,18:00,0.75
The Wrestlers front,51.57483758,-0.14995613,18:00,0.5
The Wrestlers back,51.57498652,-0.149668735,18:00,0.75
The Gatehouse beer,51.57134089,-0.150593922,18:00,0.5
The Queens beer,51.58081397,-0.121856631,18:00,0
The Great Northern Railway Tavern beer,51.58821102,-0.116349227,18:00,0
Mccaffertys beer,51.5840578,-0.116635974,18:00,0
Intrepid Bakers,51.58710929,-0.119765665,18:00,0.5
The Goodness Brewing Company beer,51.59298287,-0.114459272,18:00,1
The chequers beer,51.58364722,-0.026795303,18:00,1
Bank of friendship beer,51.55831626,-0.099057338,18:00,0.25
Queens arms beer,51.58256908,-0.013750419,18:00,0
Nags head beer,51.58409058,-0.010999653,18:00,0
Chesham arms beer,51.5474776,-0.050175731,18:00,0.25
Salpie&Liberty beer,51.59059446,-0.109118438,18:00,0
The Scolt Head,51.54321104,-0.081620717,18:00,1
The Stag,51.55333516,-0.161857874,18:00,0.25
The Gate,51.55482682,-0.165705414,18:00,1
Sir Richard Steele Pub and Dining,51.54687341,-0.159029812,18:00,0
The Freemasons Arms,51.55712667,-0.168751581,18:00,0.25
The Roebuck back,51.55395754,-0.167736466,18:00,0.75
The Roebuck front,51.55379343,-0.167540645,18:00,0.75
The Gipsy Queen,51.55088742,-0.1548363,18:00,0.25
Heathcote & Star,51.56562744,0.001892828,18:00,1
The Leyton Star,51.55408249,-0.004829438,18:00,1
The Birkbeck Tavern,51.5566454,-5.54e-05,18:00,1
Northcote Arms,51.56034423,-0.001775045,18:00,1
The Walnut Tree side,51.56984474,0.012747211,18:00,0.75
The Birds,51.56894143,0.012337425,18:00,0
The North Star,51.56992164,0.015533465,18:00,0.75
The Red Lion,51.5680336,0.011231308,18:00,0.25
The Village Pub,51.58249273,-0.011696542,18:00,1
Hammerton brewery,51.5431114,-0.115395252,18:00,0.75
the finsbury front,51.5718629,-0.096479736,19:00,0
the finsbury back,51.57200417,-0.096062384,19:00,0
the brownswood beer,51.56389624,-0.092998717,19:00,0.25
the coronet beer,51.55575805,-0.115432155,19:00,0.75
Famous Cock Tavern beer,51.54599272,-0.103755145,19:00,1
The Compton Arms beer,51.54345668,-0.102033984,19:00,0.25
The Edinboro Castle beer,51.53612298,-0.145124735,19:00,0
The Lord Stanley beer,51.54702709,-0.129727984,19:00,0.5
The Engineer beer,51.53994974,-0.150968973,19:00,0
The Lion And Unicorn beer,51.54817466,-0.138996827,19:00,0
The Colonel Fawcett back,51.54165061,-0.135901942,19:00,0.25
The Colonel Fawcett front,51.54182281,-0.13613188,19:00,0.25
The Abbey Tavern Pub beer,51.54581848,-0.141400881,19:00,0.25
The Scolt Head beer,51.5431957,-0.081540679,19:00,0
Myddleton Arms beer,51.54179996,-0.097511117,19:00,0
The Woodman beer,51.57792283,-0.147173871,19:00,0
The Princess Of Wales beer,51.54043443,-0.153888614,19:00,0
The Crooked Billet beer,51.56200256,-0.05718246,19:00,0
The Clapton Hart beer,51.55768688,-0.05664084,19:00,1
Royal Sovereign back,51.56251761,-0.063216417,19:00,0.5
Royal Sovereign front,51.56270628,-0.063254792,19:00,0.25
The Axe beer,51.56267488,-0.07177452,19:00,0
The Star by Hackney Downs beer,51.55305386,-0.057823233,19:00,0.75
The Park Tavern beer,51.56798359,-0.111090415,19:00,0
The Stags Head beer,51.53619417,-0.080803491,19:00,0
The Duke of Hamilton front,51.55878208,-0.177595517,19:00,0
The Duke of Hamilton back,51.55891685,-0.177572214,19:00,0
The Flask beer,51.56973082,-0.150946693,19:00,0.75
The Wrestlers front,51.57483758,-0.14995613,19:00,0
The Wrestlers back,51.57498652,-0.149668735,19:00,0.75
The Gatehouse beer,51.57134089,-0.150593922,19:00,1
The Queens beer,51.58081397,-0.121856631,19:00,0
The Great Northern Railway Tavern beer,51.58821102,-0.116349227,19:00,0
Mccaffertys beer,51.5840578,-0.116635974,19:00,0
Intrepid Bakers,51.58710929,-0.119765665,19:00,0
The Goodness Brewing Company beer,51.59298287,-0.114459272,19:00,0.5
The chequers beer,51.58364722,-0.026795303,19:00,0.75
Bank of friendship beer,51.55831626,-0.099057338,19:00,0.25
Queens arms beer,51.58256908,-0.013750419,19:00,0
Nags head beer,51.58409058,-0.010999653,19:00,0
Chesham arms beer,51.5474776,-0.050175731,19:00,0
Salpie&Liberty beer,51.59059446,-0.109118438,19:00,0
The Scolt Head,51.54321104,-0.081620717,19:00,0
The Stag,51.55333516,-0.161857874,19:00,0.25
The Gate,51.55482682,-0.165705414,19:00,0
Sir Richard Steele Pub and Dining,51.54687341,-0.159029812,19:00,0
The Freemasons Arms,51.55712667,-0.168751581,19:00,0
The Roebuck back,51.55395754,-0.167736466,19:00,0.5
The Roebuck front,51.55379343,-0.167540645,19:00,0.25
The Gipsy Queen,51.55088742,-0.1548363,19:00,0
Heathcote & Star,51.56562744,0.001892828,19:00,0.5
The Leyton Star,51.55408249,-0.004829438,19:00,0.5
The Birkbeck Tavern,51.5566454,-5.54e-05,19:00,1
Northcote Arms,51.56034423,-0.001775045,19:00,0.5
The Walnut Tree side,51.56984474,0.012747211,19:00,0.25
The Birds,51.56894143,0.012337425,19:00,0
The North Star,51.56992164,0.015533465,19:00,0.75
The Red Lion,51.5680336,0.011231308,19:00,0.25
The Village Pub,51.58249273,-0.011696542,19:00,1
Hammerton brewery,51.5431114,-0.115395252,19:00,0.75
the finsbury front,51.5718629,-0.096479736,20:00,0
the finsbury back,51.57200417,-0.096062384,20:00,0
the brownswood beer,51.56389624,-0.092998717,20:00,0
the coronet beer,51.55575805,-0.115432155,20:00,0
Famous Cock Tavern beer,51.54599272,-0.103755145,20:00,0
The Compton Arms beer,51.54345668,-0.102033984,20:00,0
The Edinboro Castle beer,51.53612298,-0.145124735,20:00,0
The Lord Stanley beer,51.54702709,-0.129727984,20:00,0
The Engineer beer,51.53994974,-0.150968973,20:00,0
The Lion And Unicorn beer,51.54817466,-0.138996827,20:00,0
The Colonel Fawcett back,51.54165061,-0.135901942,20:00,0
The Colonel Fawcett front,51.54182281,-0.13613188,20:00,0
The Abbey Tavern Pub beer,51.54581848,-0.141400881,20:00,0
The Scolt Head beer,51.5431957,-0.081540679,20:00,0
Myddleton Arms beer,51.54179996,-0.097511117,20:00,0
The Woodman beer,51.57792283,-0.147173871,20:00,0
The Princess Of Wales beer,51.54043443,-0.153888614,20:00,0
The Crooked Billet beer,51.56200256,-0.05718246,20:00,0
The Clapton Hart beer,51.55768688,-0.05664084,20:00,0
Royal Sovereign back,51.56251761,-0.063216417,20:00,0
Royal Sovereign front,51.56270628,-0.063254792,20:00,0
The Axe beer,51.56267488,-0.07177452,20:00,0
The Star by Hackney Downs beer,51.55305386,-0.057823233,20:00,0
The Park Tavern beer,51.56798359,-0.111090415,20:00,0
The Stags Head beer,51.53619417,-0.080803491,20:00,0
The Duke of Hamilton front,51.55878208,-0.177595517,20:00,0
The Duke of Hamilton back,51.55891685,-0.177572214,20:00,0
The Flask beer,51.56973082,-0.150946693,20:00,0.5
The Wrestlers front,51.57483758,-0.14995613,20:00,0
The Wrestlers back,51.57498652,-0.149668735,20:00,0
The Gatehouse beer,51.57134089,-0.150593922,20:00,0
The Queens beer,51.58081397,-0.121856631,20:00,0
The Great Northern Railway Tavern beer,51.58821102,-0.116349227,20:00,0
Mccaffertys beer,51.5840578,-0.116635974,20:00,0
Intrepid Bakers,51.58710929,-0.119765665,20:00,0
The Goodness Brewing Company beer,51.59298287,-0.114459272,20:00,0
The chequers beer,51.58364722,-0.026795303,20:00,0
Bank of friendship beer,51.55831626,-0.099057338,20:00,0
Queens arms beer,51.58256908,-0.013750419,20:00,0
Nags head beer,51.58409058,-0.010999653,20:00,0
Chesham arms beer,51.5474776,-0.050175731,20:00,0
Salpie&Liberty beer,51.59059446,-0.109118438,20:00,0
The Scolt Head,51.54321104,-0.081620717,20:00,0
The Stag,51.55333516,-0.161857874,20:00,0
The Gate,51.55482682,-0.165705414,20:00,0
Sir Richard Steele Pub and Dining,51.54687341,-0.159029812,20:00,0
The Freemasons Arms,51.55712667,-0.168751581,20:00,0
The Roebuck back,51.55395754,-0.167736466,20:00,0
The Roebuck front,51.55379343,-0.167540645,20:00,0
The Gipsy Queen,51.55088742,-0.1548363,20:00,0
Heathcote & Star,51.56562744,0.001892828,20:00,0
The Leyton Star,51.55408249,-0.004829438,20:00,0
The Birkbeck Tavern,51.5566454,-5.54e-05,20:00,0
Northcote Arms,51.56034423,-0.001775045,20:00,0
The Walnut Tree side,51.56984474,0.012747211,20:00,0
The Birds,51.56894143,0.012337425,20:00,0
The North Star,51.56992164,0.015533465,20:00,0
The Red Lion,51.5680336,0.011231308,20:00,0
The Village Pub,51.58249273,-0.011696542,20:00,0
Hammerton brewery,51.5431114,-0.115395252,20:00,0
